City_ID,City,Country,Date,Lat,Lng,Max Temp,Humidity,Cloudiness,Wind Speed
0,Alofi,NU,2021-10-18 00:26:13,-19.0595,-169.9187,84.09,65,40,16.11
1,Kapaa,US,2021-10-18 00:26:14,22.0752,-159.319,82.38,73,90,8.01
2,Barrow,US,2021-10-18 00:22:14,71.2906,-156.7887,21.22,63,90,8.05
3,Port Blair,IN,2021-10-18 00:26:14,11.6667,92.75,80.64,89,75,2.3
4,Mataura,NZ,2021-10-18 00:26:15,-46.1927,168.8643,53.62,81,92,5.86
5,Chokurdakh,RU,2021-10-18 00:26:16,70.6333,147.9167,-8.03,100,94,2.44
6,Port Alfred,ZA,2021-10-18 00:26:16,-33.5906,26.891,55.17,66,79,10.04
7,Rikitea,PF,2021-10-18 00:26:17,-23.1203,-134.9692,75.6,75,8,13.76
8,Aksu,CN,2021-10-18 00:26:17,41.1231,80.2644,48.11,26,91,1.74
9,Port Elizabeth,ZA,2021-10-18 00:26:17,-33.918,25.5701,52.09,93,90,6.91
10,Puerto Ayora,EC,2021-10-18 00:26:18,-0.7393,-90.3518,70.56,91,98,8.01
11,Severo-Kurilsk,RU,2021-10-18 00:26:18,50.6789,156.125,40.23,78,39,43.37
12,Punta Arenas,CL,2021-10-18 00:26:18,-53.15,-70.9167,48.31,76,0,12.66
13,Bluff,NZ,2021-10-18 00:26:19,-46.6,168.3333,53.1,61,77,12.12
14,Dingle,PH,2021-10-18 00:26:19,10.9995,122.6711,81.55,86,31,8.14
15,Saint-Pierre,RE,2021-10-18 00:26:20,-21.3393,55.4781,71.24,72,0,5.75
16,Nikolskoye,RU,2021-10-18 00:26:20,59.7035,30.7861,41.02,79,30,10.63
17,Thompson,CA,2021-10-18 00:26:21,55.7435,-97.8558,46.56,66,75,3.44
18,Cabo San Lucas,MX,2021-10-18 00:22:39,22.8909,-109.9124,86.31,58,1,18.41
19,Tiksi,RU,2021-10-18 00:26:21,71.6872,128.8694,9.7,90,100,9.98
20,Gigmoto,PH,2021-10-18 00:26:22,13.7796,124.39,82.36,80,62,7.47
21,Qorveh,IR,2021-10-18 00:26:22,35.1664,47.8045,49.39,32,37,4.76
22,Pozo Colorado,PY,2021-10-18 00:26:22,-23.4923,-58.7972,65.93,82,70,4.81
23,Carnarvon,AU,2021-10-18 00:26:23,-24.8667,113.6333,69.87,56,11,6.91
24,Nalut,LY,2021-10-18 00:26:23,30.3333,10.85,69.13,27,100,14.67
25,Taki,IN,2021-10-18 00:26:24,22.5861,88.9214,80.55,95,100,12.88
26,Surt,LY,2021-10-18 00:26:24,31.2089,16.5887,71.44,58,59,10.16
27,Mar Del Plata,AR,2021-10-18 00:22:51,-38.0023,-57.5575,54.09,43,0,1.99
28,Hazorasp,UZ,2021-10-18 00:26:25,41.3194,61.0742,37.24,25,0,7.52
29,Kavieng,PG,2021-10-18 00:26:25,-2.5744,150.7967,85.44,67,43,12.19
30,Atuona,PF,2021-10-18 00:26:26,-9.8,-139.0333,78.35,71,71,18.88
31,Ushuaia,AR,2021-10-18 00:24:06,-54.8,-68.3,51.46,58,75,6.91
32,Katsuura,JP,2021-10-18 00:26:27,35.1333,140.3,61.2,63,60,20.2
33,Saint George,US,2021-10-18 00:26:27,37.1041,-113.5841,77.63,19,1,1.99
34,Albany,US,2021-10-18 00:21:28,42.6001,-73.9662,51.75,78,100,3.0
35,Hiji,JP,2021-10-18 00:26:28,33.3667,131.5333,64.29,54,15,5.08
36,Hermanus,ZA,2021-10-18 00:26:28,-34.4187,19.2345,53.91,70,20,6.24
37,Constitucion,CL,2021-10-18 00:26:28,-35.3333,-72.4167,53.17,80,1,12.15
38,Surgut,RU,2021-10-18 00:26:29,61.25,73.4167,42.98,81,0,8.95
39,Ilulissat,GL,2021-10-18 00:26:29,69.2167,-51.1,17.62,29,2,32.21
40,Isangel,VU,2021-10-18 00:26:30,-19.55,169.2667,82.51,78,90,5.75
41,Busselton,AU,2021-10-18 00:26:30,-33.65,115.3333,64.04,73,4,12.75
42,Hobart,AU,2021-10-18 00:26:31,-42.8794,147.3294,59.11,68,75,1.99
43,New Norfolk,AU,2021-10-18 00:26:31,-42.7826,147.0587,58.75,64,100,4.0
44,La Ronge,CA,2021-10-18 00:26:32,55.1001,-105.2842,53.85,50,40,4.61
45,Dmytrivka,UA,2021-10-18 00:26:32,45.9717,28.9864,46.42,64,46,6.58
46,Yamada,JP,2021-10-18 00:26:33,39.4667,141.95,52.81,51,10,0.56
47,Khatanga,RU,2021-10-18 00:26:33,71.9667,102.5,32.74,98,100,11.63
48,Srednekolymsk,RU,2021-10-18 00:26:33,67.45,153.6833,8.56,92,95,4.52
49,Vila Franca Do Campo,PT,2021-10-18 00:26:34,37.7167,-25.4333,72.01,91,100,15.61
50,Vaini,TO,2021-10-18 00:26:34,-21.2,-175.2,80.76,83,20,11.5
51,Tasiilaq,GL,2021-10-18 00:26:35,65.6145,-37.6368,28.56,43,13,14.03
52,Bandarbeyla,SO,2021-10-18 00:26:35,9.4942,50.8122,75.92,88,47,11.52
53,Leh,IN,2021-10-18 00:26:35,34.1667,77.5833,41.04,83,100,5.19
54,Meulaboh,ID,2021-10-18 00:26:36,4.1363,96.1285,76.23,86,100,2.68
55,Rio Cuarto,AR,2021-10-18 00:26:36,-33.1307,-64.3499,64.17,39,0,6.91
56,Itarema,BR,2021-10-18 00:26:37,-2.9248,-39.9167,80.01,83,12,15.3
57,Kidal,ML,2021-10-18 00:26:37,18.4411,1.4078,82.26,35,4,11.81
58,Butaritari,KI,2021-10-18 00:26:37,3.0707,172.7902,81.46,72,17,12.3
59,Umm Lajj,SA,2021-10-18 00:26:38,25.0213,37.2685,82.98,52,0,10.56
60,Vuktyl,RU,2021-10-18 00:26:38,63.8567,57.3094,38.03,85,99,11.43
61,Fortuna,US,2021-10-18 00:26:12,40.5982,-124.1573,52.41,75,75,0.0
62,Bilma,NE,2021-10-18 00:26:39,18.6853,12.9164,81.68,29,44,8.77
63,Cape Town,ZA,2021-10-18 00:26:39,-33.9258,18.4232,54.12,69,0,4.61
64,Odweyne,SO,2021-10-18 00:26:40,9.4092,45.064,75.07,30,88,9.8
65,Victor Harbor,AU,2021-10-18 00:26:40,-35.5667,138.6167,71.19,74,51,9.1
66,Narsaq,GL,2021-10-18 00:26:41,60.9167,-46.05,34.02,56,53,4.52
67,Longyearbyen,SJ,2021-10-18 00:26:41,78.2186,15.6401,17.44,67,20,4.61
68,Lompoc,US,2021-10-18 00:26:42,34.6391,-120.4579,69.69,61,1,6.91
69,Qaanaaq,GL,2021-10-18 00:26:42,77.484,-69.3632,22.93,76,100,11.92
70,Ponta Delgada,PT,2021-10-18 00:26:42,37.7333,-25.6667,72.32,94,75,12.66
71,Saint Anthony,US,2021-10-18 00:26:43,45.0205,-93.218,61.79,59,1,0.0
72,Olinda,BR,2021-10-18 00:25:50,-8.0089,-34.8553,80.33,74,75,11.5
73,Sambava,MG,2021-10-18 00:26:43,-14.2667,50.1667,72.37,87,59,9.48
74,Ostrovnoy,RU,2021-10-18 00:26:44,68.0531,39.5131,38.28,81,98,5.73
75,Luanda,AO,2021-10-18 00:25:15,-8.8368,13.2343,75.2,83,75,5.75
76,Arraial Do Cabo,BR,2021-10-18 00:26:44,-22.9661,-42.0278,69.69,86,100,7.83
77,Hithadhoo,MV,2021-10-18 00:26:45,-0.6,73.0833,81.61,77,73,12.84
78,Stykkisholmur,IS,2021-10-18 00:26:45,65.0757,-22.7297,35.67,88,100,26.22
79,Vardo,NO,2021-10-18 00:26:46,70.3705,31.1107,37.45,84,100,35.03
80,Honiara,SB,2021-10-18 00:26:46,-9.4333,159.95,85.96,68,49,3.76
81,Northam,GB,2021-10-18 00:26:47,51.0333,-4.2167,57.09,93,99,9.66
82,Yellowknife,CA,2021-10-18 00:26:47,62.456,-114.3525,36.41,99,90,6.91
83,Terrace Bay,CA,2021-10-18 00:26:48,48.7834,-87.1,46.02,68,7,7.38
84,Santa Rosa,PH,2021-10-18 00:25:24,14.3122,121.1114,82.11,87,93,12.82
85,East London,ZA,2021-10-18 00:26:48,-33.0153,27.9116,55.04,67,25,12.66
86,Inzhavino,RU,2021-10-18 00:26:49,52.3185,42.4937,42.98,88,89,5.21
87,Salalah,OM,2021-10-18 00:26:49,17.0151,54.0924,77.09,73,75,4.61
88,Dikson,RU,2021-10-18 00:26:50,73.5069,80.5464,31.28,99,100,5.19
89,Goundam,ML,2021-10-18 00:26:50,16.4145,-3.6708,88.09,11,13,9.04
90,Aswan,EG,2021-10-18 00:26:50,24.0934,32.907,79.9,21,0,16.11
91,Ust-Tsilma,RU,2021-10-18 00:26:51,65.441,52.1498,37.67,86,100,9.24
92,Acapulco,MX,2021-10-18 00:25:02,16.8634,-99.8901,84.02,79,40,8.05
93,Saint-Philippe,RE,2021-10-18 00:26:51,-21.3585,55.7679,71.15,81,46,12.71
94,Mount Isa,AU,2021-10-18 00:26:52,-20.7333,139.5,89.37,13,28,10.36
95,Namibe,AO,2021-10-18 00:26:52,-15.1961,12.1522,63.7,89,46,6.2
96,Jamestown,US,2021-10-18 00:24:23,42.097,-79.2353,52.72,91,75,5.99
97,Lascahobas,HT,2021-10-18 00:26:53,18.8294,-71.9364,80.24,87,97,0.69
98,Aklavik,CA,2021-10-18 00:26:53,68.2191,-135.0107,25.63,77,54,9.57
99,Avarua,CK,2021-10-18 00:26:53,-21.2078,-159.775,78.85,73,75,8.05
100,Hilo,US,2021-10-18 00:26:54,19.7297,-155.09,82.27,71,20,8.05
101,Kempsey,AU,2021-10-18 00:26:54,-31.0833,152.8333,75.94,57,99,3.0
102,Kruisfontein,ZA,2021-10-18 00:26:55,-34.0033,24.7314,48.88,75,94,6.06
103,Broome,US,2021-10-18 00:26:55,42.2506,-75.833,51.85,69,75,1.99
104,Maldonado,UY,2021-10-18 00:22:05,-34.6667,-54.9167,56.59,82,65,5.41
105,Pallasovka,RU,2021-10-18 00:26:55,50.05,46.8833,55.35,49,100,4.18
106,Atar,MR,2021-10-18 00:26:56,20.5169,-13.0499,87.66,10,100,4.25
107,Bintulu,MY,2021-10-18 00:26:56,3.1667,113.0333,73.81,100,40,3.44
108,Doha,QA,2021-10-18 00:22:07,25.2867,51.5333,84.18,78,0,3.44
109,Alyangula,AU,2021-10-18 00:26:57,-13.8483,136.4192,87.67,70,96,4.61
110,Tuktoyaktuk,CA,2021-10-18 00:26:57,69.4541,-133.0374,24.8,93,75,5.75
111,Upernavik,GL,2021-10-18 00:26:58,72.7868,-56.1549,22.5,51,91,7.18
112,Nhulunbuy,AU,2021-10-18 00:25:17,-12.2333,136.7667,88.41,58,40,8.05
113,Praia Da Vitoria,PT,2021-10-18 00:26:58,38.7333,-27.0667,70.75,88,40,13.0
114,Arawa,PG,2021-10-18 00:26:59,-6.2132,155.5367,87.57,59,89,5.46
115,Ponta Do Sol,PT,2021-10-18 00:26:59,32.6667,-17.1,74.71,60,85,2.44
116,Palu,ID,2021-10-18 00:27:00,-0.8917,119.8707,83.79,72,13,3.02
117,Pevek,RU,2021-10-18 00:27:00,69.7008,170.3133,8.02,95,86,4.23
118,Castro,BR,2021-10-18 00:26:58,-24.7911,-50.0119,56.62,98,100,8.81
119,Tres Lagoas,BR,2021-10-18 00:27:01,-20.7511,-51.6783,74.7,84,43,4.0
120,Caraquet,CA,2021-10-18 00:27:01,47.7941,-64.9386,57.34,98,100,13.49
121,Avera,US,2021-10-18 00:27:02,33.194,-82.5271,56.71,50,0,5.14
122,Powell River,CA,2021-10-18 00:27:02,49.8496,-124.5361,51.12,100,75,6.91
123,Grand Baie,MU,2021-10-18 00:27:03,-20.0182,57.5802,73.45,77,21,5.99
124,Hamilton,US,2021-10-18 00:27:03,39.1834,-84.5333,58.77,68,1,1.01
125,Alta Floresta,BR,2021-10-18 00:27:04,-9.8756,-56.0861,69.91,97,95,4.0
126,Sheridan,US,2021-10-18 00:22:47,44.8333,-106.9173,64.58,44,1,1.99
127,Fairview,US,2021-10-18 00:27:04,40.8126,-73.999,56.48,72,1,8.99
128,Sao Filipe,CV,2021-10-18 00:27:05,14.8961,-24.4956,79.07,75,1,5.53
129,Bethel,US,2021-10-18 00:26:42,41.3712,-73.414,56.01,82,1,5.75
130,Santiago,CL,2021-10-18 00:25:10,-33.4569,-70.6483,67.15,35,0,12.66
131,Saldanha,ZA,2021-10-18 00:27:06,-33.0117,17.9442,51.85,74,0,13.85
132,Gorontalo,ID,2021-10-18 00:27:06,0.5412,123.0595,83.8,73,67,0.43
133,Vostok,RU,2021-10-18 00:27:07,46.4856,135.8833,27.05,39,12,4.88
134,Lowicz,PL,2021-10-18 00:27:07,52.1071,19.9453,48.4,72,100,10.94
135,Viedma,AR,2021-10-18 00:27:08,-40.8135,-62.9967,49.95,61,0,5.68
136,Qaqortoq,GL,2021-10-18 00:27:08,60.7167,-46.0333,34.3,77,99,2.39
137,Cherskiy,RU,2021-10-18 00:27:08,68.75,161.3,-7.08,99,100,2.98
138,Raymond,US,2021-10-18 00:27:09,43.9015,-70.4703,52.2,83,57,3.42
139,Majene,ID,2021-10-18 00:27:09,-3.5403,118.9707,82.27,76,100,2.35
140,Koslan,RU,2021-10-18 00:27:10,63.4564,48.8989,37.31,76,100,11.3
141,Mineiros,BR,2021-10-18 00:27:10,-17.5694,-52.5511,71.74,85,44,2.93
142,Griffith,US,2021-10-18 00:27:11,41.5284,-87.4237,59.92,69,1,0.0
143,Peruibe,BR,2021-10-18 00:27:11,-24.32,-46.9983,65.68,93,100,6.22
144,Erzin,TR,2021-10-18 00:27:12,36.9559,36.2,64.92,87,14,3.89
145,Onega,RU,2021-10-18 00:27:12,63.9061,38.1404,36.1,97,100,7.65
146,Martapura,ID,2021-10-18 00:27:12,-3.4167,114.85,77.09,94,20,5.75
147,Chuy,UY,2021-10-18 00:27:13,-33.6971,-53.4616,51.53,72,2,6.38
148,Anicuns,BR,2021-10-18 00:27:13,-16.4611,-49.9617,74.37,71,97,6.02
149,Ballina,AU,2021-10-18 00:27:14,-28.8667,153.5667,77.77,64,75,13.8
150,Adre,TD,2021-10-18 00:27:14,13.4667,22.2,76.73,29,29,6.69
151,Norman Wells,CA,2021-10-18 00:27:14,65.282,-126.8329,28.44,86,90,0.0
152,Esperance,AU,2021-10-18 00:27:15,-33.8667,121.9,64.24,75,2,7.34
153,Talara,PE,2021-10-18 00:27:15,-4.5772,-81.2719,64.98,90,70,13.51
154,San Quintin,MX,2021-10-18 00:27:16,30.4833,-115.95,69.28,62,62,10.94
155,Ligayan,PH,2021-10-18 00:27:16,4.6533,119.4706,83.53,75,44,6.91
156,Maniitsoq,GL,2021-10-18 00:27:17,65.4167,-52.9,32.59,43,0,8.23
157,Flinders,AU,2021-10-18 00:27:18,-34.5833,150.8552,74.37,50,21,3.0
158,Joao Pinheiro,BR,2021-10-18 00:27:18,-17.7425,-46.1725,73.53,74,87,2.06
159,Labuhan,ID,2021-10-18 00:27:18,-6.8844,112.2051,83.66,73,98,7.11
160,The Valley,AI,2021-10-18 00:27:19,18.217,-63.0578,84.06,70,21,1.77
161,Cidreira,BR,2021-10-18 00:27:19,-30.1811,-50.2056,60.84,79,51,11.54
162,Magistralnyy,RU,2021-10-18 00:27:19,56.1725,107.4458,22.35,95,37,2.62
163,Ribeira Grande,PT,2021-10-18 00:27:20,38.5167,-28.7,70.18,85,24,16.35
164,Vestmannaeyjar,IS,2021-10-18 00:27:20,63.4427,-20.2734,43.02,85,100,39.1
165,Corn Island,NI,2021-10-18 00:27:21,12.1694,-83.0418,83.57,72,24,7.7
166,Simao,CN,2021-10-18 00:27:21,22.7886,100.9748,58.28,84,89,1.52
167,Nishihara,JP,2021-10-18 00:27:22,26.1842,127.7558,76.28,61,75,17.27
168,Ouadda,CF,2021-10-18 00:27:22,8.0777,22.4007,68.59,91,80,2.15
169,Ongandjera,NA,2021-10-18 00:27:22,-17.8833,15.0667,66.56,20,16,11.21
170,Vestmanna,FO,2021-10-18 00:27:23,62.1564,-7.1664,45.52,100,90,21.85
171,Havre-Saint-Pierre,CA,2021-10-18 00:27:23,50.2334,-63.5986,54.19,93,90,23.02
172,Messina,IT,2021-10-18 00:27:24,38.1933,15.5497,59.97,85,20,1.99
173,Jalu,LY,2021-10-18 00:27:24,29.0331,21.5482,68.7,42,0,7.87
174,Evensk,RU,2021-10-18 00:27:24,61.95,159.2333,18.75,64,100,27.04
175,Kodiak,US,2021-10-18 00:27:25,57.79,-152.4072,44.28,81,90,33.38
176,Rio Do Sul,BR,2021-10-18 00:27:25,-27.2142,-49.6431,58.39,100,100,0.45
177,Airai,TL,2021-10-18 00:27:13,-8.9266,125.4092,71.55,62,71,1.1
178,Port-De-Bouc,FR,2021-10-18 00:27:26,43.4,4.9833,52.02,97,32,4.61
179,Mount Gambier,AU,2021-10-18 00:27:26,-37.8333,140.7667,57.11,67,90,11.5
180,San Policarpo,PH,2021-10-18 00:27:27,12.1791,125.5072,83.39,79,27,8.12
181,Basoko,CD,2021-10-18 00:27:27,1.2391,23.616,72.75,93,93,3.09
182,Wanning,CN,2021-10-18 00:27:28,18.8003,110.3967,77.99,89,100,17.22
183,Saskylakh,RU,2021-10-18 00:27:28,71.9167,114.0833,17.56,95,100,9.82
184,Kahului,US,2021-10-18 00:26:05,20.8947,-156.47,85.26,67,40,23.02
185,Valentin Gomez Farias,MX,2021-10-18 00:27:29,28.2167,-106.5833,66.06,64,33,5.28
186,Iqaluit,CA,2021-10-18 00:27:29,63.7506,-68.5145,33.53,86,75,18.01
187,Santa Isabel Do Rio Negro,BR,2021-10-18 00:27:30,-0.4139,-65.0192,76.08,89,59,1.99
188,Mersing,MY,2021-10-18 00:27:30,2.4312,103.8405,75.11,100,40,3.44
189,Graham,US,2021-10-18 00:25:18,47.0529,-122.2943,56.14,84,90,0.0
190,Leningradskiy,RU,2021-10-18 00:27:31,69.3833,178.4167,12.51,91,100,0.98
191,Marystown,CA,2021-10-18 00:27:31,47.1666,-55.1483,48.85,100,85,6.6
192,Bonavista,CA,2021-10-18 00:27:31,48.6499,-53.1147,44.11,93,83,12.8
193,Torbay,CA,2021-10-18 00:27:32,47.6666,-52.7314,43.27,96,90,6.91
194,Lancaster,US,2021-10-18 00:26:28,40.2504,-76.2499,53.85,72,1,1.99
195,Dubbo,AU,2021-10-18 00:27:33,-32.25,148.6167,69.93,37,82,5.75
196,Oum Hadjer,TD,2021-10-18 00:27:33,13.2954,19.6966,84.76,34,53,8.63
197,Ciudad Bolivar,VE,2021-10-18 00:27:33,8.1222,-63.5497,79.36,74,84,1.79
198,Kyra,RU,2021-10-18 00:27:34,49.5776,111.9753,24.78,76,9,5.06
199,Fairbanks,US,2021-10-18 00:25:03,64.8378,-147.7164,34.61,65,20,0.0
200,Mnogovershinnyy,RU,2021-10-18 00:27:34,53.9353,139.9242,24.01,79,100,10.13
201,Valparaiso,CL,2021-10-18 00:23:44,-33.0393,-71.6273,62.24,48,0,2.3
202,Black River,JM,2021-10-18 00:27:35,18.0264,-77.8487,82.4,76,98,1.28
203,Te Anau,NZ,2021-10-18 00:27:35,-45.4167,167.7167,57.85,70,82,1.72
204,Loreto,MX,2021-10-18 00:27:36,22.2667,-101.9667,68.29,47,45,9.35
205,Andros,GR,2021-10-18 00:27:36,37.8333,24.9333,64.96,70,69,5.99
206,Mahon,ES,2021-10-18 00:27:37,39.8885,4.2658,63.16,72,0,4.61
207,Altamont,US,2021-10-18 00:27:11,42.2068,-121.7372,55.78,34,90,7.0
208,Geraldton,AU,2021-10-18 00:27:37,-28.7667,114.6,64.13,63,0,12.66
209,Poum,NC,2021-10-18 00:27:38,-20.2333,164.0167,76.5,83,100,5.32
210,Ballater,GB,2021-10-18 00:27:38,57.0493,-3.0402,52.3,99,100,2.64
211,Nanortalik,GL,2021-10-18 00:27:39,60.1432,-45.2371,35.8,84,95,2.17
212,Bani,DO,2021-10-18 00:27:39,18.2833,-70.3333,83.86,82,69,1.52
213,Noumea,NC,2021-10-18 00:27:40,-22.2763,166.4572,82.38,99,68,10.63
214,Ndjole,GA,2021-10-18 00:27:40,-0.1783,10.7649,74.68,99,99,2.24
215,Saint-Louis,SN,2021-10-18 00:27:40,16.3333,-15.0,87.44,35,80,7.43
216,Skibbereen,IE,2021-10-18 00:27:41,51.55,-9.2667,58.8,97,100,18.5
217,Snyder,US,2021-10-18 00:27:41,32.7179,-100.9176,66.52,25,1,6.91
218,Georgetown,MY,2021-10-18 00:27:42,5.4112,100.3354,80.53,89,40,2.3
219,San Cristobal,VE,2021-10-18 00:27:42,7.7669,-72.225,75.38,88,96,2.84
220,Alice,US,2021-10-18 00:27:43,27.7523,-98.0697,71.31,46,1,5.75
221,Lima,PE,2021-10-18 00:24:54,-12.0432,-77.0282,64.9,78,75,12.66
222,Kununurra,AU,2021-10-18 00:27:43,-15.7667,128.7333,91.38,43,100,6.91
223,Gat,IL,2021-10-18 00:27:44,31.61,34.7642,70.39,73,63,1.97
224,Grindavik,IS,2021-10-18 00:27:44,63.8424,-22.4338,41.47,87,90,20.71
225,Pau,FR,2021-10-18 00:27:45,43.4167,-0.5833,62.94,88,75,5.75
226,Bredasdorp,ZA,2021-10-18 00:27:45,-34.5322,20.0403,49.8,68,50,2.55
227,Tromso,NO,2021-10-18 00:27:46,69.6496,18.957,34.45,86,40,1.01
228,Vizinga,RU,2021-10-18 00:27:46,61.0749,50.1031,39.42,81,88,8.9
229,Whangamata,NZ,2021-10-18 00:27:46,-37.2,175.8667,72.3,57,47,9.1
230,Ghansor,IN,2021-10-18 00:27:47,22.65,79.95,70.16,97,84,6.29
231,Nantucket,US,2021-10-18 00:27:47,41.2835,-70.0995,60.1,63,1,11.5
232,Kakonko,TZ,2021-10-18 00:27:48,-3.2828,30.9642,68.18,85,100,2.26
233,Freeport,US,2021-10-18 00:27:48,40.6576,-73.5832,57.49,73,20,3.0
234,Muriwai Beach,NZ,2021-10-18 00:27:48,-36.8167,174.45,70.93,73,3,11.83
235,Thinadhoo,MV,2021-10-18 00:27:49,0.5333,72.9333,82.47,76,59,13.65
236,Macamic,CA,2021-10-18 00:27:49,48.7502,-78.9996,39.43,84,98,9.8
237,Xinxiang,CN,2021-10-18 00:27:50,35.3089,113.8672,50.74,68,35,5.59
238,Korla,CN,2021-10-18 00:27:50,41.7597,86.1469,50.74,33,45,8.88
239,Port Hawkesbury,CA,2021-10-18 00:27:51,45.6169,-61.3485,59.92,98,90,10.0
240,Laizhou,CN,2021-10-18 00:27:51,37.1717,119.9214,48.07,57,10,10.29
241,Tezpur,IN,2021-10-18 00:27:52,26.6333,92.8,75.99,86,98,4.32
242,Winnemucca,US,2021-10-18 00:22:56,40.973,-117.7357,64.45,13,1,10.36
243,Manggar,ID,2021-10-18 00:27:52,-2.8833,108.2667,81.79,79,98,4.85
244,Bemidji,US,2021-10-18 00:27:53,47.4736,-94.8803,57.49,65,1,4.61
245,Zhigansk,RU,2021-10-18 00:27:53,66.7697,123.3711,16.32,90,100,17.4
246,Bubaque,GW,2021-10-18 00:27:54,11.2833,-15.8333,80.56,76,72,10.76
247,Roald,NO,2021-10-18 00:27:54,62.5833,6.1333,38.34,93,75,10.36
248,Linfen,CN,2021-10-18 00:27:55,36.0889,111.5189,50.86,60,8,3.2
249,Along,IN,2021-10-18 00:27:55,28.1667,94.7667,70.66,98,93,1.95
250,Mogadishu,SO,2021-10-18 00:26:52,2.0371,45.3438,78.33,83,63,12.88
251,Maragogi,BR,2021-10-18 00:27:56,-9.0122,-35.2225,77.41,81,83,8.93
252,Kenai,US,2021-10-18 00:27:56,60.5544,-151.2583,40.14,69,1,25.32
253,Batagay-Alyta,RU,2021-10-18 00:27:56,67.8006,130.4114,-3.95,82,45,3.2
254,Hualmay,PE,2021-10-18 00:27:57,-11.0964,-77.6139,63.34,85,100,9.75
255,Amalapuram,IN,2021-10-18 00:27:57,16.5833,82.0167,76.62,96,100,1.79
256,Marquette,US,2021-10-18 00:27:58,46.5333,-87.6335,49.35,61,0,6.85
257,Santa Isabel,BR,2021-10-18 00:27:58,-23.3156,-46.2214,65.66,96,100,5.66
258,Fare,PF,2021-10-18 00:27:58,-16.7,-151.0167,80.49,77,8,17.05
259,Buchanan,LR,2021-10-18 00:27:59,5.8808,-10.0467,78.69,85,14,7.14
260,Klaksvik,FO,2021-10-18 00:27:59,62.2266,-6.589,47.32,77,99,26.13
261,De-Kastri,RU,2021-10-18 00:28:00,51.4667,140.7833,26.71,83,100,11.56
262,Tessalit,ML,2021-10-18 00:28:00,20.1986,1.0114,82.24,13,0,9.64
263,San Borja,BO,2021-10-18 00:28:00,-14.8167,-66.85,79.66,55,65,2.35
264,Tiarei,PF,2021-10-18 00:28:01,-17.5333,-149.3333,82.42,78,37,21.09
265,Mlyniv,UA,2021-10-18 00:28:02,50.509,25.6168,42.93,67,100,8.95
266,Zheleznodorozhnyy,RU,2021-10-18 00:28:02,55.7503,38.0042,44.15,75,100,7.7
267,Sitka,US,2021-10-18 00:28:03,57.0531,-135.33,46.29,66,75,6.91
268,Tumaco,CO,2021-10-18 00:28:03,1.7986,-78.8156,76.14,90,99,6.98
269,Finschhafen,PG,2021-10-18 00:28:04,-6.6024,147.8681,80.76,80,91,6.89
270,Karratha,AU,2021-10-18 00:27:28,-20.7377,116.8463,72.52,49,18,8.95
271,Tura,IN,2021-10-18 00:28:04,25.5198,90.2201,71.38,95,100,3.33
272,San Jeronimo,PE,2021-10-18 00:28:04,-11.9472,-75.2829,54.05,69,65,2.55
273,Dunedin,NZ,2021-10-18 00:27:57,-45.8742,170.5036,52.81,89,91,15.99
274,Port Augusta,AU,2021-10-18 00:28:05,-32.5,137.7667,80.71,34,52,4.61
275,Bulgan,MN,2021-10-18 00:28:05,48.8125,103.5347,28.78,53,0,1.92
276,Manokwari,ID,2021-10-18 00:27:40,-0.8667,134.0833,83.98,69,84,7.67
277,Salym,RU,2021-10-18 00:28:06,60.0625,71.4789,38.59,85,90,7.96
278,Lakes Entrance,AU,2021-10-18 00:28:06,-37.8811,147.981,69.17,47,99,4.47
279,Oranjemund,NA,2021-10-18 00:28:07,-28.55,16.4333,55.26,70,0,11.77
280,Port Macquarie,AU,2021-10-18 00:25:28,-31.4333,152.9167,74.89,52,94,12.33
281,Arman,RU,2021-10-18 00:28:07,59.7,150.1667,19.56,43,100,18.37
282,Langsa,ID,2021-10-18 00:28:08,4.4683,97.9683,73.76,97,100,2.62
283,Mankera,PK,2021-10-18 00:28:08,31.3866,71.4407,74.88,28,0,4.52
284,Ambilobe,MG,2021-10-18 00:28:08,-13.2,49.05,71.37,70,1,5.06
285,Grand-Santi,GF,2021-10-18 00:28:09,4.25,-54.3833,72.32,99,99,1.54
286,Polillo,PH,2021-10-18 00:28:09,14.7122,121.9392,77.99,92,83,13.82
287,Chumikan,RU,2021-10-18 00:28:10,54.7183,135.315,22.35,63,5,16.42
288,Akbarpur,IN,2021-10-18 00:28:10,26.4167,82.55,76.12,93,56,12.06
289,Puerto Cabezas,NI,2021-10-18 00:28:11,14.0351,-83.3888,78.26,88,100,6.64
290,Shizunai,JP,2021-10-18 00:28:11,42.3339,142.3669,46.54,59,25,10.45
291,Ziniare,BF,2021-10-18 00:28:12,12.5822,-1.2983,86.04,24,33,5.37
292,Buraydah,SA,2021-10-18 00:28:12,26.326,43.975,73.85,29,0,6.71
293,Nouadhibou,MR,2021-10-18 00:28:12,20.931,-17.0347,75.92,52,0,15.73
294,Mehamn,NO,2021-10-18 00:28:13,71.0357,27.8492,35.31,81,100,28.07
295,Seddon,AU,2021-10-18 00:28:13,-37.8068,144.8916,66.31,71,90,3.0
296,Bengkulu,ID,2021-10-18 00:28:14,-3.8004,102.2655,73.8,97,100,10.33
297,Cabra,ES,2021-10-18 00:28:14,37.4725,-4.4421,70.39,53,89,2.39
298,Rawlins,US,2021-10-18 00:28:14,41.7911,-107.2387,58.89,29,1,10.36
299,Oriximina,BR,2021-10-18 00:28:15,-1.7656,-55.8661,77.88,82,73,0.81
300,Curitibanos,BR,2021-10-18 00:28:15,-27.2828,-50.5844,51.94,99,100,6.04
301,Wyszkow,PL,2021-10-18 00:28:16,52.5928,21.4584,49.1,71,100,10.94
302,Adra,ES,2021-10-18 00:28:16,36.7496,-3.0206,71.82,74,63,5.37
303,Kaitangata,NZ,2021-10-18 00:28:17,-46.2817,169.8464,50.14,93,100,8.59
304,Ajdabiya,LY,2021-10-18 00:28:17,30.7554,20.2263,67.14,49,3,10.04
305,Ust-Nera,RU,2021-10-18 00:28:18,64.5667,143.2,0.18,94,92,4.32
306,Trelew,AR,2021-10-18 00:28:18,-43.249,-65.3051,51.12,57,0,9.33
307,Iralaya,HN,2021-10-18 00:28:19,15.0,-83.2333,78.89,82,100,7.27
308,San Carlos,VE,2021-10-18 00:28:19,9.6612,-68.5827,75.87,89,6,2.46
309,Mbekenyera,TZ,2021-10-18 00:28:19,-10.0,38.9833,69.49,89,32,6.24
310,Lorengau,PG,2021-10-18 00:28:20,-2.0226,147.2712,85.84,66,59,10.09
311,Sorong,ID,2021-10-18 00:28:20,-0.8833,131.25,81.79,78,66,4.97
312,Champerico,GT,2021-10-18 00:28:21,14.3,-91.9167,84.34,75,59,4.59
313,Paide,EE,2021-10-18 00:28:21,58.8856,25.5572,38.37,75,40,10.13
314,Venice,US,2021-10-18 00:28:22,27.0998,-82.4543,80.62,73,7,5.01
315,San Joaquin,US,2021-10-18 00:28:22,37.9333,-121.3011,75.99,37,1,23.02
316,San Jose,US,2021-10-18 00:27:35,37.3394,-121.895,67.14,49,46,7.0
317,Samarai,PG,2021-10-18 00:28:23,-10.6167,150.6667,83.44,75,100,11.61
318,Zaozerne,UA,2021-10-18 00:28:23,45.1582,33.2787,52.95,68,81,11.79
319,Quezon,PH,2021-10-18 00:28:23,7.7303,125.0989,79.34,82,83,3.36
320,Neubrandenburg,DE,2021-10-18 00:24:36,53.5667,13.2667,49.89,93,100,8.16
321,Khorinsk,RU,2021-10-18 00:28:24,52.1657,109.7726,24.31,85,7,2.73
322,Berlevag,NO,2021-10-18 00:28:24,70.8578,29.0864,36.1,82,100,31.34
323,Mrkonjic Grad,BA,2021-10-18 00:28:25,44.4158,17.0861,35.76,95,2,2.73
324,Moyobamba,PE,2021-10-18 00:28:25,-6.05,-76.9667,67.17,98,98,1.23
325,Farafangana,MG,2021-10-18 00:28:26,-22.8167,47.8333,69.98,88,2,9.98
326,Guantanamo,CU,2021-10-18 00:28:26,20.1444,-75.2092,83.77,87,70,2.71
327,Prince Rupert,CA,2021-10-18 00:27:04,54.3161,-130.3201,46.09,73,34,3.44
328,Santona,ES,2021-10-18 00:28:27,43.4439,-3.4576,61.59,83,73,5.68
329,Rawson,AR,2021-10-18 00:28:27,-43.3002,-65.1023,50.43,66,0,8.3
330,Kurkino,RU,2021-10-18 00:28:28,53.4257,38.6582,44.31,68,96,8.86
331,Port Lincoln,AU,2021-10-18 00:27:20,-34.7333,135.8667,61.95,65,31,10.51
332,Gamba,GA,2021-10-18 00:28:28,-2.65,10.0,76.01,83,94,6.98
333,Cabatuan,PH,2021-10-18 00:28:29,10.8794,122.486,81.57,84,32,10.38
334,Laguna,US,2021-10-18 00:28:29,38.421,-121.4238,71.24,51,75,8.01
335,Lebu,CL,2021-10-18 00:28:29,-37.6167,-73.65,51.21,85,0,18.97
336,San Andres,CO,2021-10-18 00:28:30,12.5847,-81.7006,80.62,83,90,9.22
337,Rio Grande,BR,2021-10-18 00:23:36,-32.035,-52.0986,56.95,68,0,8.63
338,Muros,ES,2021-10-18 00:28:30,42.7762,-9.0603,69.98,95,100,8.7
339,Cicero Dantas,BR,2021-10-18 00:28:31,-10.6,-38.3833,69.85,81,56,10.29
340,Luderitz,NA,2021-10-18 00:28:31,-26.6481,15.1594,58.57,49,13,16.49
341,Tateyama,JP,2021-10-18 00:28:32,34.9833,139.8667,61.14,62,31,20.0
342,Muroto,JP,2021-10-18 00:28:32,33.2833,134.15,64.44,60,59,10.11
343,Baramula,IN,2021-10-18 00:28:32,34.2,74.35,51.26,73,7,1.01
344,Bay Roberts,CA,2021-10-18 00:28:33,47.5999,-53.2648,44.02,88,88,1.01
345,Aguada De Pasajeros,CU,2021-10-18 00:28:33,22.385,-80.8508,75.34,77,80,5.53
346,Paamiut,GL,2021-10-18 00:28:34,61.994,-49.6678,33.94,45,0,4.99
347,Sinnamary,GF,2021-10-18 00:28:34,5.3833,-52.95,79.39,87,59,7.99
348,Portland,US,2021-10-18 00:24:20,45.5234,-122.6762,63.61,80,90,1.99
349,Biu,NG,2021-10-18 00:28:35,10.6129,12.1946,73.35,74,45,2.06
350,Belmonte,BR,2021-10-18 00:28:35,-15.8631,-38.8828,79.3,85,72,8.52
351,Marzuq,YE,2021-10-18 00:28:35,14.4,46.4667,74.01,42,100,2.06
352,Waiuku,NZ,2021-10-18 00:28:36,-37.25,174.75,71.83,93,12,9.53
353,San Patricio,US,2021-10-18 00:28:36,28.017,-97.5169,71.83,51,100,6.82
354,Tlacotepec,MX,2021-10-18 00:28:37,20.0667,-97.8667,58.15,99,100,1.81
355,Whyalla,AU,2021-10-18 00:28:37,-33.0333,137.5833,69.69,60,49,8.05
356,Hofn,IS,2021-10-18 00:28:38,64.2539,-15.2082,37.6,97,100,28.05
357,Progreso,MX,2021-10-18 00:28:38,21.2833,-89.6667,83.1,76,57,12.8
358,Faanui,PF,2021-10-18 00:27:24,-16.4833,-151.75,79.99,79,14,16.98
359,Buala,SB,2021-10-18 00:28:39,-8.145,159.5921,86.16,63,39,3.94
360,Hornepayne,CA,2021-10-18 00:28:39,49.2138,-84.7705,39.34,72,94,9.19
361,Balao,EC,2021-10-18 00:28:40,-2.9167,-79.8167,73.24,87,86,6.4
362,Saint-Joseph,RE,2021-10-18 00:28:40,-21.3667,55.6167,70.16,77,20,8.16
363,Kologriv,RU,2021-10-18 00:28:40,58.8275,44.3178,40.75,77,97,10.6
364,Orasac,BA,2021-10-18 00:28:41,44.6289,16.0711,44.1,94,0,0.89
365,Yar-Sale,RU,2021-10-18 00:28:41,66.8333,70.8333,39.36,96,100,15.46
366,Tecoanapa,MX,2021-10-18 00:28:42,16.5167,-98.75,82.4,78,72,7.96
367,Petrovac,RS,2021-10-18 00:28:42,44.3769,21.4192,46.94,88,7,2.26
368,Kutoarjo,ID,2021-10-18 00:28:42,-7.7169,109.9128,85.15,77,59,1.95
369,Mitsamiouli,KM,2021-10-18 00:28:43,-11.3847,43.2844,76.82,79,1,14.58
370,Kudahuvadhoo,MV,2021-10-18 00:28:43,2.6708,72.8944,83.25,71,77,14.76
371,Provideniya,RU,2021-10-18 00:28:02,64.3833,-173.3,28.51,54,75,11.18
372,Fort Nelson,CA,2021-10-18 00:28:44,58.8053,-122.7002,36.99,81,40,4.61
373,Kralendijk,BQ,2021-10-18 00:28:44,12.15,-68.2667,84.18,79,20,11.5
374,Iztapa,GT,2021-10-18 00:28:45,13.9333,-90.7075,84.25,79,40,4.61
375,Nortelandia,BR,2021-10-18 00:28:45,-14.4547,-56.8028,79.25,73,76,1.63
376,Victoria,HK,2021-10-18 00:28:45,22.2855,114.1577,74.25,79,85,1.01
377,Grand Gaube,MU,2021-10-18 00:28:46,-20.0064,57.6608,73.38,77,19,5.99
378,Gobabis,NA,2021-10-18 00:28:46,-22.45,18.9667,53.47,14,51,16.8
379,Tarakan,ID,2021-10-18 00:28:47,3.3,117.6333,80.1,89,40,5.75
380,Abbeville,FR,2021-10-18 00:28:47,50.1,1.8333,47.5,71,4,7.49
381,Mabaruma,GY,2021-10-18 00:28:47,8.2,-59.7833,78.75,87,83,4.32
382,Conde,BR,2021-10-18 00:28:48,-7.2597,-34.9075,76.46,88,40,4.61
383,Sayan,PE,2021-10-18 00:28:48,-11.1361,-77.1933,70.23,66,100,1.52
384,Zhucheng,CN,2021-10-18 00:28:49,35.9947,119.3975,48.18,61,0,7.52
385,Mahebourg,MU,2021-10-18 00:28:49,-20.4081,57.7,73.26,78,40,14.97
386,Aubenas,FR,2021-10-18 00:28:49,44.6201,4.3899,53.47,71,97,3.18
387,Vao,NC,2021-10-18 00:28:50,-22.6667,167.4833,73.36,89,63,12.24
388,Sistranda,NO,2021-10-18 00:28:50,63.7256,8.834,43.9,59,41,17.72
389,Olavarria,AR,2021-10-18 00:28:50,-36.8927,-60.3225,50.97,80,52,10.65
390,Rabat,MA,2021-10-18 00:26:06,33.9911,-6.8401,66.04,100,71,0.0
391,Bambous Virieux,MU,2021-10-18 00:27:27,-20.3428,57.7575,73.22,78,40,14.97
392,Zhezkazgan,KZ,2021-10-18 00:28:51,47.8043,67.7144,42.37,44,8,9.31
393,Salamiyah,SY,2021-10-18 00:28:52,35.0113,37.0532,63.99,79,9,12.77
394,Jinji,CN,2021-10-18 00:28:52,23.2281,110.8261,60.1,80,86,3.76
395,Santa Lucia,ES,2021-10-18 00:28:52,27.9117,-15.5407,69.76,39,0,12.66
396,Borger,NL,2021-10-18 00:28:53,52.9233,6.7931,53.8,82,92,8.5
397,Maarianhamina,AX,2021-10-18 00:28:53,60.0973,19.9348,44.46,61,75,11.5
398,Zadar,HR,2021-10-18 00:28:54,44.1197,15.2422,54.64,93,0,3.44
399,Zunyi,CN,2021-10-18 00:28:54,27.6867,106.9072,49.87,83,99,2.51
400,Petropavlovsk-Kamchatskiy,RU,2021-10-18 00:28:55,53.0452,158.6483,36.19,100,90,13.42
401,Hay River,CA,2021-10-18 00:28:55,60.8156,-115.7999,35.58,64,20,6.91
402,Krasnozerskoye,RU,2021-10-18 00:28:55,53.9828,79.2374,36.54,79,53,7.2
403,Paarl,ZA,2021-10-18 00:28:56,-33.7338,18.9752,53.02,84,0,6.67
404,Shingu,JP,2021-10-18 00:28:56,33.7333,135.9833,61.79,65,60,3.6
405,Glamoc,BA,2021-10-18 00:28:57,44.0458,16.8486,41.27,85,4,1.97
406,Khaniotis,GR,2021-10-18 00:28:57,39.9991,23.58,61.41,79,88,1.3
407,Amga,RU,2021-10-18 00:28:57,60.8953,131.9608,15.39,84,98,4.65
408,Marawi,PH,2021-10-18 00:28:58,7.9986,124.2928,73.65,83,80,0.67
409,Lata,PT,2021-10-18 00:28:58,40.1629,-8.3327,67.05,96,99,1.36
410,Vaasa,FI,2021-10-18 00:28:59,63.096,21.6158,41.95,75,75,12.66
411,Andes,CO,2021-10-18 00:28:59,5.6561,-75.8788,68.68,98,99,2.1
412,Yei,SS,2021-10-18 00:28:59,4.095,30.6779,66.29,96,50,1.43
413,Tabas,IR,2021-10-18 00:29:00,33.5959,56.9244,66.58,19,0,3.76
414,Ndioum,SN,2021-10-18 00:29:00,16.5129,-14.6471,87.69,24,74,8.41
415,Sola,VU,2021-10-18 00:29:01,-13.8833,167.55,88.47,74,75,5.75
416,Lluta,PE,2021-10-18 00:29:01,-16.0147,-72.0142,48.47,58,71,2.64
417,Ordu,TR,2021-10-18 00:29:02,40.9086,37.6845,46.9,94,70,3.13
418,Jutai,BR,2021-10-18 00:29:03,-5.1833,-68.9,73.49,98,99,2.89
419,Makakilo City,US,2021-10-18 00:29:03,21.3469,-158.0858,86.32,51,1,12.66
420,Vadgaon,IN,2021-10-18 00:29:03,20.9402,74.8712,76.64,82,97,5.77
421,Oyama,JP,2021-10-18 00:29:04,36.3,139.8,58.89,49,22,4.76
422,Baykit,RU,2021-10-18 00:29:04,61.67,96.37,31.78,96,97,2.53
423,Capuluan,PH,2021-10-18 00:29:05,13.8147,122.5181,80.82,85,38,5.06
424,Bud,US,2021-10-18 00:29:05,39.447,-86.1758,57.22,75,59,6.53
425,Huicungo,PE,2021-10-18 00:29:05,-7.2833,-76.8,77.18,69,76,1.43
426,Svarstad,NO,2021-10-18 00:29:06,59.399,9.9698,37.99,80,77,3.06
427,Aykhal,RU,2021-10-18 00:29:06,66.0,111.5,31.42,97,100,22.21
428,Mackenzie,CA,2021-10-18 00:29:07,55.2999,-123.1698,37.62,75,1,8.05
429,Itabira,BR,2021-10-18 00:25:13,-19.6192,-43.2269,67.17,94,94,0.58
430,Vila Velha,BR,2021-10-18 00:28:53,-20.3297,-40.2925,73.35,83,75,6.91
431,Escanaba,US,2021-10-18 00:29:07,45.7453,-87.0646,55.83,50,1,0.0
432,Barra Do Garcas,BR,2021-10-18 00:24:59,-15.89,-52.2567,77.61,76,47,5.5
433,Roros,NO,2021-10-18 00:29:08,62.5747,11.3842,30.04,86,75,6.91
434,Santa Marta,CO,2021-10-18 00:29:09,11.2408,-74.199,77.34,82,94,1.23
435,Jackson,US,2021-10-18 00:29:09,42.4165,-122.8345,54.91,80,90,8.05
436,Kisesa,TZ,2021-10-18 00:29:10,-3.0833,34.15,72.28,66,81,7.65
437,Druzhba,UA,2021-10-18 00:29:10,52.0428,33.9453,44.42,62,100,8.39
438,Terrace,CA,2021-10-18 00:29:10,54.5163,-128.6035,48.42,61,20,5.75
439,Gabu,GW,2021-10-18 00:29:11,12.2833,-14.2167,73.45,89,98,6.22
440,Cortez,US,2021-10-18 00:29:11,37.3489,-108.5859,67.51,32,1,5.75
441,Pisco,PE,2021-10-18 00:27:23,-13.7,-76.2167,62.02,82,34,17.27
442,Alice Springs,AU,2021-10-18 00:26:17,-23.7,133.8833,89.15,31,0,16.11
443,Natal,BR,2021-10-18 00:28:47,-5.795,-35.2094,79.02,83,20,8.05
444,Katsina,NG,2021-10-18 00:29:12,12.9894,7.6006,77.94,67,69,4.65
445,Aginskoye,RU,2021-10-18 00:29:12,51.1,114.53,24.46,70,4,5.14
446,Ribnitz-Damgarten,DE,2021-10-18 00:29:13,54.25,12.4667,52.11,68,100,8.72
447,Hobara,JP,2021-10-18 00:29:13,37.8167,140.55,54.36,67,8,0.63
448,Awjilah,LY,2021-10-18 00:29:14,29.1081,21.2869,68.68,42,0,7.87
449,Flin Flon,CA,2021-10-18 00:29:14,54.7682,-101.865,50.16,59,28,6.02
450,Atambua,ID,2021-10-18 00:29:15,-9.1061,124.8925,82.47,66,87,0.72
451,Pochutla,MX,2021-10-18 00:29:15,15.7432,-96.4661,76.05,84,86,2.8
452,Mahajanga,MG,2021-10-18 00:29:16,-15.7167,46.3167,71.62,73,20,2.3
453,Balagansk,RU,2021-10-18 00:29:16,54.0103,103.0544,27.12,84,42,3.06
454,Balkhash,KZ,2021-10-18 00:29:16,46.844,74.9804,36.21,69,0,13.42
455,Taltal,CL,2021-10-18 00:29:17,-25.4,-70.4833,60.96,70,20,5.39
456,Kailua,US,2021-10-18 00:25:54,21.4022,-157.7394,87.78,68,75,13.8
457,Puro,PH,2021-10-18 00:29:17,12.4841,123.3827,82.22,80,41,9.24
458,Hami,CN,2021-10-18 00:29:18,42.8,93.45,49.73,26,0,8.48
459,Alta Gracia,AR,2021-10-18 00:29:18,-31.6529,-64.4283,67.89,28,33,1.19
460,Ossora,RU,2021-10-18 00:27:10,59.2353,163.0719,33.12,98,100,37.98
461,Malanje,AO,2021-10-18 00:29:19,-9.5402,16.341,65.48,77,66,4.43
462,Anadyr,RU,2021-10-18 00:29:19,64.75,177.4833,27.1,86,40,17.0
463,Cayenne,GF,2021-10-18 00:29:19,4.9333,-52.3333,82.09,84,81,1.01
464,Kawai,JP,2021-10-18 00:29:20,34.2333,135.85,54.37,65,29,3.53
465,Sarkand,KZ,2021-10-18 00:29:20,45.41,79.9186,44.58,28,0,4.7
466,Kigali,RW,2021-10-18 00:29:21,-1.95,30.0588,67.48,77,40,3.44
467,Kingman,US,2021-10-18 00:25:55,35.1894,-114.053,79.3,12,1,11.99
468,Cap Malheureux,MU,2021-10-18 00:29:21,-19.9842,57.6142,73.47,77,19,7.0
469,Isla Vista,US,2021-10-18 00:29:22,34.4133,-119.861,72.68,67,1,12.66
470,Avanigadda,IN,2021-10-18 00:29:22,16.0215,80.9181,80.74,87,100,2.39
471,Coihaique,CL,2021-10-18 00:26:01,-45.5752,-72.0662,49.95,62,75,2.3
472,Tuatapere,NZ,2021-10-18 00:27:15,-46.1333,167.6833,52.68,72,95,7.92
473,Mareeba,AU,2021-10-18 00:29:23,-17.0,145.4333,91.33,66,56,4.25
474,Novooleksiyivka,UA,2021-10-18 00:29:23,46.2269,34.6428,52.83,64,80,10.76
475,Kushiro,JP,2021-10-18 00:29:23,42.975,144.3747,47.35,57,20,3.44
476,Ghaziabad,IN,2021-10-18 00:29:24,28.6667,77.4333,69.94,93,100,9.53
477,Montana,BG,2021-10-18 00:29:24,43.4125,23.225,53.56,91,31,1.21
478,Caluquembe,AO,2021-10-18 00:29:25,-13.7833,14.6833,57.49,89,28,3.76
479,Hasaki,JP,2021-10-18 00:29:25,35.7333,140.8333,59.4,58,89,19.48
480,Baia De Arama,RO,2021-10-18 00:29:25,45.0,22.8067,47.44,95,84,2.04
481,Yerbogachen,RU,2021-10-18 00:29:26,61.2767,108.0108,28.72,88,100,10.56
482,Manzhouli,CN,2021-10-18 00:29:26,49.6,117.4333,25.92,69,5,5.01
483,La Rioja,ES,2021-10-18 00:26:02,42.25,-2.5,48.49,84,72,4.45
484,Coquimbo,CL,2021-10-18 00:27:50,-29.9533,-71.3436,55.13,87,0,8.05
485,Bukama,CD,2021-10-18 00:29:27,-9.2,25.85,70.56,88,73,2.06
486,Nyurba,RU,2021-10-18 00:28:26,63.2842,118.3319,22.86,93,100,11.05
487,Matara,LK,2021-10-18 00:29:28,5.9485,80.5353,78.44,88,72,14.29
488,San Nicolas,PH,2021-10-18 00:29:28,18.1725,120.5953,82.31,74,20,5.75
489,Husavik,IS,2021-10-18 00:27:55,66.0449,-17.3389,33.71,93,100,20.49
490,Bilibino,RU,2021-10-18 00:29:28,68.0546,166.4372,-2.7,96,82,2.8
491,Ternate,ID,2021-10-18 00:29:29,0.8,127.4,83.79,74,54,3.56
492,Raahe,FI,2021-10-18 00:29:29,64.6833,24.4833,39.29,85,100,24.58
493,Wells,GB,2021-10-18 00:29:30,51.2079,-2.649,54.28,92,78,6.33
494,Lasa,IT,2021-10-18 00:29:30,46.6166,10.7002,45.48,53,62,3.51
495,George Town,MY,2021-10-18 00:27:42,5.4112,100.3354,80.53,89,40,2.3
496,Yaounde,CM,2021-10-18 00:29:31,3.8667,11.5167,71.13,100,75,1.14
497,Homer,US,2021-10-18 00:28:17,59.6425,-151.5483,42.69,87,90,24.0
498,Ayan,RU,2021-10-18 00:29:31,56.45,138.1667,24.3,48,36,17.65
499,Ridgecrest,US,2021-10-18 00:29:32,35.6225,-117.6709,76.86,13,1,18.99
500,Kohlu,PK,2021-10-18 00:29:32,29.8962,69.252,63.36,22,0,3.24
501,Wairoa,NZ,2021-10-18 00:29:32,-39.0333,177.3667,71.55,54,81,5.01
502,Walvis Bay,NA,2021-10-18 00:29:33,-22.9575,14.5053,54.55,82,38,14.97
503,Sechura,PE,2021-10-18 00:29:33,-5.5569,-80.8222,67.69,77,33,17.43
504,Tual,ID,2021-10-18 00:29:34,-5.6667,132.75,83.57,71,95,5.86
505,Pangnirtung,CA,2021-10-18 00:29:34,66.1451,-65.7125,29.88,53,65,6.4
506,Denpasar,ID,2021-10-18 00:29:34,-8.65,115.2167,83.86,74,20,2.3
507,Vryburg,ZA,2021-10-18 00:29:35,-26.9566,24.7284,48.45,25,22,9.1
508,Hanzhong,CN,2021-10-18 00:29:35,33.0728,107.0303,50.54,87,100,1.57
509,Kambove,CD,2021-10-18 00:29:35,-10.8764,26.5969,66.13,64,32,2.08
510,Hammerfest,NO,2021-10-18 00:25:22,70.6634,23.6821,34.25,86,75,16.11
511,Talnakh,RU,2021-10-18 00:29:36,69.4865,88.3972,34.11,100,100,8.52
512,Mecca,SA,2021-10-18 00:29:36,21.4267,39.8261,85.21,28,3,5.03
513,Banikoara,BJ,2021-10-18 00:29:37,11.2985,2.4386,77.45,75,99,3.96
514,Port Hardy,CA,2021-10-18 00:29:37,50.6996,-127.4199,50.18,66,40,9.22
515,Buncrana,IE,2021-10-18 00:29:38,55.1333,-7.45,53.15,96,100,4.81
516,Bowen,AU,2021-10-18 00:29:38,-20.0167,148.2333,88.02,69,0,10.0
517,Margate,GB,2021-10-18 00:29:38,51.3813,1.3862,57.31,81,8,1.01
518,Nasice,HR,2021-10-18 00:29:39,45.4886,18.0878,45.18,87,2,0.36
519,Carupano,VE,2021-10-18 00:29:39,10.6678,-63.2585,79.23,88,87,7.49
520,Abapo,BO,2021-10-18 00:29:40,-18.8333,-63.4667,66.96,54,97,2.46
521,Taunggyi,MM,2021-10-18 00:29:40,20.7833,97.0333,59.49,91,100,1.83
522,Shizuishan,CN,2021-10-18 00:29:40,39.2333,106.7694,48.18,40,99,8.75
523,Nha Trang,VN,2021-10-18 00:29:41,12.25,109.1833,78.8,91,100,5.06
524,Almeirim,BR,2021-10-18 00:29:41,-1.5233,-52.5817,81.21,68,99,8.95
525,Willowmore,ZA,2021-10-18 00:29:41,-33.2926,23.4895,39.43,79,23,1.39
526,Finca Blanco,PA,2021-10-18 00:29:42,8.3833,-82.8667,81.84,90,82,2.86
527,Shimoda,JP,2021-10-18 00:29:42,34.6667,138.95,61.16,63,65,21.18
528,Mana,GF,2021-10-18 00:29:43,5.6592,-53.7767,79.25,89,63,8.72
529,Tianmen,CN,2021-10-18 00:29:43,30.6516,113.1603,51.73,79,98,5.06
530,Komsomolskiy,UZ,2021-10-18 00:29:43,40.4272,71.7189,50.72,62,100,6.91
531,Bereda,ES,2021-10-18 00:29:44,43.2686,-7.5406,67.01,79,100,2.82
532,Namatanai,PG,2021-10-18 00:29:44,-3.6667,152.4333,86.16,61,44,7.63
533,Pacific Grove,US,2021-10-18 00:25:33,36.6177,-121.9166,63.61,83,75,4.0
534,Olafsvik,IS,2021-10-18 00:29:45,64.8945,-23.7142,36.84,88,100,21.85
535,Los Andes,CL,2021-10-18 00:29:45,-32.8337,-70.5983,63.88,32,0,1.36
536,Luganville,VU,2021-10-18 00:29:46,-15.5333,167.1667,81.82,78,93,6.89
537,Yima,CN,2021-10-18 00:29:46,34.7381,111.8839,47.73,64,19,4.05
538,Lakhipur,IN,2021-10-18 00:29:47,26.0299,90.3041,75.76,92,100,1.32
539,Mango,US,2021-10-18 00:29:47,27.9797,-82.3065,78.66,68,1,0.0
540,Tshikapa,CD,2021-10-18 00:29:47,-6.4167,20.8,72.64,94,100,2.21
541,Batagay,RU,2021-10-18 00:29:48,67.6333,134.6333,2.77,92,94,2.77
542,Beloha,MG,2021-10-18 00:29:48,-25.1667,45.05,69.46,90,0,3.83
543,Guozhen,CN,2021-10-18 00:29:49,34.3659,107.359,52.18,80,100,1.99
544,Ghanzi,BW,2021-10-18 00:29:49,-21.5667,21.7833,61.86,8,14,15.88
545,Calvinia,ZA,2021-10-18 00:29:49,-31.4707,19.776,44.55,63,0,5.75
546,Nemuro,JP,2021-10-18 00:29:50,43.3236,145.575,46.83,62,3,8.25
547,Pointe Michel,DM,2021-10-18 00:29:50,15.25,-61.3833,82.99,73,53,3.06
548,Beyla,GN,2021-10-18 00:29:51,8.6833,-8.6333,69.53,85,14,1.03
549,Bairiki,KI,2021-10-18 00:29:51,1.3292,172.9752,87.8,66,40,9.22
550,Shache,CN,2021-10-18 00:29:51,38.4167,77.2406,51.19,18,95,1.61
551,Half Moon Bay,US,2021-10-18 00:27:49,37.4636,-122.4286,66.63,74,90,3.0
552,Mendi,PG,2021-10-18 00:29:52,-6.1761,143.6513,61.39,92,100,2.3
553,Hvolsvollur,IS,2021-10-18 00:29:52,63.7533,-20.2243,38.8,74,100,15.3
554,Mosbach,DE,2021-10-18 00:29:53,49.3539,9.1428,50.47,93,100,1.12
555,Kolondieba,ML,2021-10-18 00:29:53,11.0882,-6.8926,78.67,64,81,5.26
556,Durban,ZA,2021-10-18 00:29:39,-29.8579,31.0292,56.32,96,100,3.0
557,Male,MV,2021-10-18 00:29:54,4.1748,73.5089,78.75,89,90,18.41
558,Florianopolis,BR,2021-10-18 00:29:54,-27.6146,-48.5012,63.43,94,75,3.44
559,Quatre Cocos,MU,2021-10-18 00:29:55,-20.2078,57.7625,73.09,70,40,15.52
560,Yulara,AU,2021-10-18 00:29:55,-25.2406,130.9889,89.44,13,13,8.05
561,Straumen,NO,2021-10-18 00:29:55,63.8709,11.2999,37.62,69,31,10.49
562,Dera Bugti,PK,2021-10-18 00:29:56,29.0307,69.151,73.89,16,0,3.6
563,Kerema,PG,2021-10-18 00:29:56,-7.9631,145.7785,84.15,69,100,2.3
564,Axams,AT,2021-10-18 00:29:57,47.2081,11.2869,37.04,85,68,3.44
565,Beidao,CN,2021-10-18 00:29:57,34.5686,105.8933,46.83,87,96,0.13
566,Palmer,US,2021-10-18 00:29:57,42.1584,-72.3287,53.62,70,75,11.5
567,Hauterive,FR,2021-10-18 00:29:58,46.0901,3.4459,47.16,79,67,3.33
568,Santo Domingo,DO,2021-10-18 00:27:29,18.5001,-69.9886,84.04,80,81,1.01
569,La Ligua,CL,2021-10-18 00:29:59,-32.4524,-71.2311,60.58,72,0,1.61
570,Mackay,AU,2021-10-18 00:28:09,-21.15,149.2,91.69,51,10,19.57
571,Chukhloma,RU,2021-10-18 00:29:59,58.7525,42.6825,38.14,89,86,8.84
572,Castelnau-Le-Lez,FR,2021-10-18 00:30:00,43.6333,3.9,53.62,93,68,4.61
573,Wadowice,PL,2021-10-18 00:30:00,49.8834,19.4929,45.79,81,100,4.7
574,Carutapera,BR,2021-10-18 00:30:00,-1.195,-46.02,79.11,81,16,6.67
575,Comodoro Rivadavia,AR,2021-10-18 00:30:01,-45.8667,-67.5,49.86,53,0,3.44
576,Ayagoz,KZ,2021-10-18 00:30:02,47.9714,80.4392,34.93,67,0,9.48
577,Retz,AT,2021-10-18 00:30:03,48.7494,15.9624,48.65,90,100,1.39
